รหัส,ชื่อยา,VEN,exclude_status
3,"PotassiumChlorideElixir 500mg(6.67meq)/5ml ,240ml",E,ตัดออก
25,เถาเอ็นอ่อนแคปซูล,N,สั่งเมื่อขอ
31,ชุดอบ,N,สั่งเมื่อขอ
54,"Aspirin 81mg ,แบบเคี้ยว",E,
64,"ยาระบายมะขามแขก ,sennakot (สสจ)",N,สั่งเมื่อขอ
65,ยาประสะมะแว้ง,N,สั่งเมื่อขอ
66,เถาวัลย์เปรียง 500mg,N,สั่งเมื่อขอ
68,"LidocaineHCL 2% ,20ml",V,
69,ไพล(เหง้า)แบบแผ่น,N,สั่งเมื่อขอ
70,ตะไคร้หอม(ใบ),N,สั่งเมื่อขอ
71,ขิง(เหง้า)แบบหัว,N,สั่งเมื่อขอ
72,มะกรูด(ผิวลูก),N,สั่งเมื่อขอ
73,มะลิ(ดอก),N,สั่งเมื่อขอ
74,อบเชยไทย(เปลือก),N,สั่งเมื่อขอ
75,บุนนาค(ดอก),N,สั่งเมื่อขอ
76,พิมเสน1กิโล(สำเร็จ),N,สั่งเมื่อขอ
77,การบูร1กิโล(สำเร็จ),N,สั่งเมื่อขอ
78,หนาด(ใบ),N,สั่งเมื่อขอ
79,หนุมานประสานกายชิดฮะลั้ง(ใบ),N,สั่งเมื่อขอ
80,"ChlorhexidineGluconate 0.2%w/v,250ml",N,
81,ยาแคปซูลขมิ้นชัน 500mg (สสจ),N,สั่งเมื่อขอ
82,ไพลครีม 30กรัม (สสจ),N,สั่งเมื่อขอ
83,ยาทาพระเส้น,N,สั่งเมื่อขอ
84,ลูกประคบ (สสจ),N,สั่งเมื่อขอ
85,ยาหอมเทพจิตร 30กรัม/ขวด,N,สั่งเมื่อขอ
86,"Phenytoinsodium 50mg ,Capsule",E,
1000001,"Triamcinoloneacetonide 0.1%cream ,5gm",E,
1000004,"ChlorpheniramineMaleate 2mg/5ml ,60ml ,CPM",E,
1000008,"CharcoalActivated 260mg ,Capsule",E,
1000011,Albendazole 200mg,E,
1000016,Allopurinol 100mg,E,
1000023,AmitriptylineHCL 10mg,E,
1000024,AmitriptylineHCL 25mg,E,
1000028,Amoxicillin trihydrate 250mg,E,
1000030,Amoxicillin trihydrate 500mg,E,
1000032,"Amoxicillin 125mg/5ml ,60ml",E,ตัดออก
1000034,Ampicillin 1g,V,
1000038,Aspirin 300mg,E,
1000039,Aspirin 81mg,E,
1000041,Atropine sulfate 0.6mg/ml,V,
1000044,BenzathineBenzylpenicillin 1.2MU,V,
1000045,ScabicideBenzylBenzoate25% 60ml,E,
1000047,Bisacodyl 5mg,E,ตัดออก
1000055,Carvedilol 12.5mg,E,
1000056,Calamine 60ml,E,
1000058,Calciumgluconate 10%,V,
1000059,Carbamazepine 200mg,E,
1000060,CeftriaxoneSodium 1gm,V,
1000065,Chloroquinephosphate 250mg,E,
1000090,"Dex-oph 4ml ,Eyedrop",E,ตัดออก
1000091,Dextran 500ml,V,
1000094,D-5-S/5 500ml,V,
1000097,D-5-S/3 500ml,V,
1000102,D-5-W 500ml,V,
1000105,Glucose 50% 50ml,V,
1000106,Diazepam 2mg,E,
1000107,Diazepam 5mg,E,
1000110,Diclofenacsodium 25mg,E,
1000112,DicloxacillinSodium 250mg,E,
1000113,Digoxin 0.25mg,E,
1000116,Dimenhydrinate 50mg,E,
1000117,"Domperidone 5mg/5ml ,30ml",E,
1000118,DopamineHCL 250mg./ 10ml,V,
1000119,Doxycycline 100mg,E,
1000122,EnalaprilMaleate 5mg,E,
1000125,"ErythromycinEstolate 125mg/5ml ,60ml",E,ตัดออก
1000131,Ferrous Fumarate 200mg,E,
1000132,Flunarizine 5mg,E,
1000134,Avamys 27.5mcg,E,
1000135,Folicacid 5mg,E,
1000136,Formalin 450 cc,E,
1000137,Furosemide 20mg./ 2ml.,V,
1000138,Furosemide 250mg/25ml,V,
1000139,Furosemide 40mg,E,
1000146,Haloperidol 5mg(Hadol5),E,
1000147,Haloperidol 5mg./ml,V,
1000148,Hista-oph 5ml,E,
1000151,Hydrogenperoxide,E,
1000157,Isoniazid 100mg,E,
1000158,Ismo 20mg,E,
1000164,Ketoconazole 200mg,E,
1000165,Lactulose 66.7gm/100ml,E,
1000168,LidocaineHCL 1% 20ml,V,
1000169,"LidocaineHCL 2% ,50ml",V,
1000173,Lorazepam 1mg,E,
1000176,Magnesiumsulfate 50%,V,
1000184,MetforminHCL 500mg,E,
1000185,MethylergometrineMaleate 0.2mg/1ml,V,
1000188,Metronidazole 500mg/100ml,V,
1000192,"MixtureCarminative ,180ml",E,
1000197,Multivitamin,E,ตัดออก
1000201,Naproxen 250mg,E,
1000211,Norfloxacin 400mg,E,
1000216,"SodiumChloride 100ml ,Nss100ml",V,
1000222,OliveOil 50 % 450ml,N,
1000223,Omeprazole 20mg,E,
1000226,"Acetaminophen 325mg ,Para",E,ตัดออก
1000227,"Acetaminophen 500mg ,Para",E,
1000230,"Acetaminophen 120mg/5ml ,60ml ,Para",E,
1000236,Pethidine 50mg/ml,N,
1000238,Phenobarbitalsodium 60mg,E,
1000242,"Phenytoinsodium 100mg ,Capsule",E,
1000243,Poly Oph 5ml,E,
1000244,PotassiumChloride 20meq/10ml,V,
1000249,Prednisolone 5mg,E,
1000253,ProctosedylRetalSuppo,E,
1000255,PropranololHCL 10mg,E,
1000256,"Propylthiouracil 50mg ,ptu",E,
1000258,Pyrazinamide 500mg,E,
1000265,Rifampicin 450mg,E,
1000267,Roxithromycin 150mg,E,
1000268,"SalbutamolSulfateMdI ,100mcg",E,
1000270,SalbutamolSulfate 2mg,E,
1000271,"SalbutamolSulfate 2mg/5ml ,60ml",E,ตัดออก
1000277,SodiumBicarbonate 300mg,E,
1000284,Spironolactone 25mg,E,
1000296,"Tetracaine 0.5% ,eyedrop ,15ml",E,
1000310,Verapamil 40mg,E,
1000321,whitfield ointment,E,ตัดออก
1019001,Glipizide 5mg,E,
1036001,DoxazosinMesilate 4mg,E,
1053001,Triferdine,E,
1068002,Dapsone 100mg,E,
1093001,Hydrocortisone 100mcg,V,
1152002,Cefazolinsodium 1gm,V,
1419041,Colchicine 0.6mg,E,
1420102,TerbutalineSulfate 0.5mg./ml.,V,
1430302,MethylSalicylateBalm,E,
1430508,"Ibuprofen 100mg/5ml ,60ml",E,
1430701,"Levonorgestrel0.15mg+Ethinylestradiol0.03mg ,Rden",E,
1430707,"DicloxacillinSodium 62.5mg/5ml ,60ml",E,
1430802,Isosorbidedinitrate 5mg sublingual,E,
1430901,LevothyroxineSodium 0.1mg(Eltroxin),E,
1431001,ChlorpromazineHCL 100mg,E,ตัดออก
1440106,"Acetylcysteine 200mg ,Fluimucil",E,
1440208,Fluconazole 200mg,E,
1440314,SilverSulfadiazine 450gm,E,
1440401,"SodiumChloride 5ml ,Nss5ml",V,
1440501,"ChlorpheniramineMaleate 4mg ,CPM",E,
1440502,"Budesonide 200mcg ,MDI",E,
1440601,Atenolol 50mg,E,
1450001,Furosemide 500mg,E,
1450003,Clonazepam 2mg,E,
1450005,VitaminC 100mg,E,
1450009,Hydralazine 20mg,V,ตัดออก
1450020,Domperidone 10mg,E,
1450501,"Salmetrol/Fluticasone 25/250mcg ,EVO",E,
1450512,"TetanusGamma 250IU/1ml ,1ml+Syr",V,
1460007,Levodopa/Benzerazide 200/50,E,ตัดออก
1460013,Methyldopa 250mg,E,
1460015,Tramadol 50mg/ml,V,
1460019,Metoclopramide 10mg,E,
1460026,Mixtard 70/30 10ml,V,
1460028,MorphineSulfate 10mg/ml/amp,N,
1460032,"Triamcinoloneacetonide 0.02%cream ,5gm",E,
1460033,Warfarinsodium 3mg,E,
1460034,Warfarinsodium 5mg,E,
1460037,"SodiumChloride0.45% 1000ml ,Nss0.45%",V,
1460042,"Urea 10% ,Cream",E,
1460044,SodiumChloride3% 500ml,V,
1460046,"AcetateRingerSolution ,1000ml ,ARI",V,
1460048,"Simethicone 80mg ,Air-X",E,
1460050,"Antacidgel ,240ml",E,
1460051,Amikacin 500mg/2ml,V,
1460054,Amiodarone 200mg,E,
1460055,Amiodarone 150mg/3ml,V,
1460058,"Levonorgestrel 1.5mg สูตรpostinor ,Mapleforte",E,
1460073,"Trimethoprim80+Sulfamethoxazole400mg ,Bactrim",V,
1460083,Ipratropium 0.02mg./Fenoteral 0.05mg.inhMDI (Berodual),E,
1460090,Calcium carbonate 600mg,E,
1460091,Calcium carbonate 1250mg,E,
1460094,Captopril 25mg,E,
1460100,Cefotaxime 1gm,V,
1460102,Ceftazidime 1gm,V,
1460107,"Chloramphenicol 1%W/V ,10ml ,ear",E,
1460108,"Chloramphenical1% ,5gm ,eyeoinment",E,
1460113,ChlorpromazineHCL 50mg,E,
1460117,Ciprofloxacin 200mg/100ml,V,
1460119,Clindamycin 600mg./4ml,V,
1460121,"Clindamycin 300mg ,Capsule",E,
1460124,Clotrimazole 100mgvaginal,E,
1460131,CyproheptadineHCL 4mg,E,
1460133,D-10-1/2S 1000ml,V,
1460136,Diethylcarbamazine citrate 300mg,E,
1460137,Dextromethophan 15mg,E,
1460144,Diltiazem 30mg,E,
1460152,Enoxaparin 60mg/0.6ml,V,
1460159,"FerrousFumarate (Fe15mg/0.6ml) ,15ml",E,
1460192,"Regular Insulin 100 IU/1ml ,10ml ,RI",V,
1460193,HydralazineHCL 25mg,E,
1460199,"Phytonadione 1mg/0.5ml ,VitaminK1 1mg",V,
1460202,"Triamcinoloneacetonide 0.1%oralbase ,Kenalog",E,
1460207,"LidocainHCL 2% ,20mg/ml ,Viscous",E,
1460231,"Misoprostol 200mcg ,Cytotec",E,
1460236,NaloxoneHCL 400mcg/ml,V,
1460254,Speeda 0.5ml,V,
1460258,Perphenazine 4mg,E,
1460259,Perphenazine 8mg,E,
1460260,Povidone-iodinegargle,E,
1460267,"ParraffinWhiteSoft ,Vasaline ,450gm",N,
1460270,Podophyllinepaint,E,
1460272,VitaminB complex,V,ตัดออก
1460279,"Sterile Water for injection 1000ml ,SWI1000",V,
1460291,ยาอมมะแว้ง,N,
1460304,Norethisteone 5mg,E,
1460306,"Clobetasolpropionate 0.05%w/w ,5gm ,Cream",E,
1460328,SodiumBicarbonate 50% 50cc/vial,V,
1460339,Streptokinase 1.5MU,V,
1460343,Oxytocin 10 unit/ml,V,
1460348,TranexamicAcid 250mg/5ml,V,
1460349,Tolperisone 50mg,E,
1460403,"CloxacillinSodium 1gm ,1X50amp",V,
1460405,Tramadol 50mg,E,
1460508,"Ipratropium/Fenoteral Forte sol teva er ,berodualER",E,
1460541,Griseofuvin 500mg,E,
1460566,"Amoxicillin 250mg/5ml ,60ml",E,
1470005,"MagnesiumHydroxide 1.2gm/15ml ,suspension ,60ml ,MOM",E,
1470008,"IsophaneInsulin(NPH) ,10ml",V,
1470011,ยาแคปซูลขมิ้นชัน 500mg,N,
1470506,"ChlorhexidineGluconate 0.12g/100ml ,360ml ,C20",E,ตัดออก
1470508,"Zidovudine syrup 10mg/ml ,60ml",E,
1470511,"DiphteriaandTetanusToxoid ,TD",V,
1470522,Metoprolol 100mg,E,
1470528,"CalciumpolystyreneSulfonate 5gm ,Kalimate",E,
1480003,Meropenam 1gm,V,
1480015,"Nevirapine 50mg ,60ml",E,
1480702,Baclofen 10mg,E,
1480909,"Azithromycin 250mg ,Capsule",E,
1500003,Acyclovir 400mg,E,
1500004,"Acyclovir 5% ,1g ,Cream",E,ตัดออก
1500005,Warfarinsodium 2mg,E,
1500007,"BrownMixture ,60ml",E,ตัดออก
1500009,"SodiumChlorideIrrigate 1000ml ,NssIrrigate",V,
1500012,TrihexyphenidylHCL 5mg,E,
1500013,"Amoxicillin 875mg + Clavulanate 125mg ,1gm",E,
1500020,"Diosmin+hisperidin 450+50mg ,Daflon",E,
1500021,CetirizineHydrochloride 10mg,E,
1500023,CeftriaxoneSodium 250mg,V,
1500025,CiprofloxacinHCL 500mg,E,
1500036,Betahistine 6mg,E,
1500046,ฟ้าทะลายโจร 350mg,N,
1500052,"Glycerylguaiacolate ,60ml",E,
1500053,Fluphenazine 25mg /ml,V,
1500119,TrihexyphenidylHCL 2mg,E,
1501102,GyneconVaginal,E,
1501106,Losartan 50mg,E,
1501113,Adrenaline 1mg/ml,V,
1501115,Dexamethasone 4mg/ml,V,
1501118,Hyoscine butylbromide 20mg/ml,V,
1501119,"ChlorpheniramineMaleate 10mg/ml ,CPM",V,
1501120,Diazepam 10mg/2ml,V,
1501122,Digoxin 0.5mg/2ml,V,
1501123,Dimenhydrinate 50mg./ml.,V,
1501126,Metoclopamide 10mg/2ml,V,
1501127,"Phytonadione 10mg/ml ,VitaminK1 10mg",V,
1501129,Methimazole 5mg,E,
1501130,D-5-S 1000ml,V,
1501131,D-5-S/2 1000ml,V,
1501132,D-5-S/2 500ml,V,
1501134,D-5-S/3 1000ml,V,
1501138,D-5-W 1000ml,V,
1501141,Povidone-iodine 450ml,E,
1501142,Glucose powder 454gm,N,
1501143,Omeprazole 40mg/ml,V,
1501146,Fluoxetine 20mg,E,
1501147,Haloperidol 50mg./ml,V,
1501148,"SalbutamolSulfate 0.5%w/v(5mg/ml) ,20ml",E,
1510302,Povidone-iodineoint 50gm,E,
1510309,NicardipineHCL 2mg/2ml,V,
1510312,Gemfibrozil 600mg,E,
1511007,MetforminHCL 850mg,E,ตัดออก
1520002,"Ethylalcohol70% ,450ml",E,
1520008,"Thiamine 100mg/ml, VitaminB1",V,
1520015,Oseltamivirphosphate 75mg,E,
1520023,"ยาระบายมะขามแขก ,sennakot",N,
1520028,"ยาชงหญ้าดอกขาว ,1ห่อ/10ซอง",N,
1520031,ยาหอมนวโกฐ,N,สั่งเมื่อขอ
1520044,ไพลครีม 30กรัม,N,
1520048,VitaminB6 50mg,E,
1520049,Oseltamivirphosphate 30mg,E,
1520050,Oseltamivirphosphate 45mg,E,
1520054,ลูกประคบ,N,สั่งเมื่อขอ
1530002,"Sulfamethoxazole800mg+Trimethoprim160mg ,Bactrimforte",E,
1530004,"SodiumChloride 1000ml ,Nss1000ml",V,
1530005,"TranexamicAcid 250mg  ,Capsule",E,
1530007,"Medroxyprogesteroneacetate 150mg/3ml ,DepoM",V,ตัดออก
1530033,ยาประสะไพล 500mg,N,สั่งเมื่อขอ
1540005,HCTZ 25mg,E,
1540027,Pioglitazone 30mg,E,
1540029,Adenosine 6mg/2ml,V,
1540031,Povidone-iodine sol 30ml,E,
1540032,Ethylalcohol 70% 60ml. (50 bott/box),E,
1550001,NicardipineHCL 10mg/10ml,V,
1550008,"Brompheniramine4mg+Phenylehrine10mg ,Nasotab14mg",E,
1550010,Salmetrol/Fluticasone 25/125mcg,E,
1550016,Clopidogrel 75mg,E,
1550017,Sertraline 50mg,E,
1550019,Risperidone 2mg,E,
1550020,Metronidazole 400mg,E,
1560001,"SodiumValproate 500mg ,SustainedRelease",E,
1560003,SodiumValproateChrono 200mg,E,ตัดออก
1560004,SodiumValproateEntericCoated 200mg,E,
1560006,"SodiumChloride 50ml ,Nss50ml",V,
1570003,Amlodipine besilate 10mg,E,
1570005,Norepinephrine 4mg/4ml,V,
1570020,Haloperidol 2mg,E,
1570021,Hydroxyzine 10mg,E,
1570025,SodiumChloride 300mg,E,
1570027,Terramycineyeointment 3.5gm,E,
1570028,"Acetylcysteine 300mg/3ml ,Fluimucil",V,
1570052,OralRehydration ผู้ใหญ่,E,
1570053,ยาแคปซูลเบญจกูล,N,สั่งเมื่อขอ
1580004,Gentamicin sulfate 80mg./2ml.,V,
1580005,"Triamcinoloneacetonide 0.1% lotion ,30ml ,TAlotion",E,
1580016,Phenytoinsodium 250mg/5ml,V,
1580017,Famotidine 20mg,E,
1580021,ClotrimazoleLozenges 10mg,E,
1580022,"Brompheniramine+Phenyleprine ,Elixir ,60ml",E,ตัดออก
1580024,"Thiamine 100mg ,VitaminB1",E,
1590003,"Cyanocobalamin 100mcg ,VitaminB12",E,
1590008,"Etonogestrel 68mg  ,Implanon",V,
1590012,Enoxaparin 40mg/0.4ml,V,
1590014,ยาแคปซูลตรีผลา 500mg,N,
1590015,ยาแก้ไอมะขามป้อม 120ml,N,
1590018,ยาแคปซูลมะระขี้นก,N,สั่งเมื่อขอ
1590019,ยาเม็ดจันทลีลา,N,สั่งเมื่อขอ
1590020,ยาแคปซูลบำรุงโลหิต,N,สั่งเมื่อขอ
1590023,ยาแคปซูลแก้วห้าดวง,N,สั่งเมื่อขอ
1590025,ยาปราบชมพูทวีป 400mg,N,
1590026,ยาเม็ดธาตุบรรจบ 500mg,N,
1590028,ยาแคปซูลบอระเพ็ด,N,สั่งเมื่อขอ
1590029,ยาแคปซูลขิง 500mg,N,
1590030,ยาหอมทิพโอสถ 25gm,N,
1590032,ยาเขียวหอม,N,สั่งเมื่อขอ
1590033,ยาแคปซูลรางจืด,N,
1590034,ยาแคปซูลเหลืองปิดสมุทร,N,สั่งเมื่อขอ
1590035,Manidipine  20mg,E,
1590036,Ibuprofen 400mg,E,
1600002,Montelukast 10mg,E,
1600010,Methotrexate 2.5mg,E,
1600012,SodiumSulfateenemaUnison 133ml,E,
1600015,Glycerylguaiacolate 100mg,E,
1600017,เจลพริก,N,ตัดออก
1600019,Losartan 100mg,E,
1600020,Rilpivirine  25Mg,E,
1610003,Simvastatin 20mg,E,
1610008,"Amoxicillin400mg+Clavulanic 57mg 457mg/5ml ,70ml",E,
1610009,Salmetrol/Fluticasone 25/50mcg,E,
1610010,Fenofibrate 200mg,E,
1620020,Gabapentin 300mg,E,
1620027,EnalaprilMaleate 20mg,E,
1620029,"Water for Irrigate 1000ml ,SwiIrrigate",V,
1620031,D-5-W 250ml,V,
1630006,"SodiumChloride 500ml ,Nss500ml",V,
1630026,"Morphine 10mg ,IR",N,สั่งเมื่อขอ
1630030,Utrogestan 200mg,E,ตัดออก
1630047,Morphine sulfate 10mg/5ml,N,
1630050,PenicillinGsodium 5MU,V,
1650003,Ethylalcohol 95% 450ml. (12 bott/box),E,
1650005,ยาหอมอินทจักร,N,สั่งเมื่อขอ
1650017,Dexamethazone 4mg,E,ตัดออก
1650021,Favipiravir 200mg,E,
1650062,"Budesonide 64mcg/dose ,NASALSPRAY",E,
1650090,Molnupiravir 200mg,E,
1650093,Levofloxacin 500mg,E,
1650097,Remdisivir 100mg,V,
1650101,"ClotrimazoleCream 1%w/w , 5gm",E,
1650104,ERIG 2ml,V,
1660012,MorphineMSTContinus 10mg,N,สั่งเมื่อขอ
1660020,"Lactate Ringer 1000 ml ,LRI",V,
1660022,Carvedilol 6.25mg,E,
1660028,"Cetirizine hydrochloride 5mg/5ml ,60ml",E,
1660030,Zinc oxide 7.5g/100g,E,
1660035,D-5-W 100ml,V,
1660037,"AromaticAmmoniaSpirit ,60ml",E,
1660040,"AromaticAmmoniaSpirit ,450ml",E,
1660042,Fluocinoloneacetonide 0.1%cream,E,ตัดออก
1660044,ยาชงกระเจี๊ยบแดง,N,สั่งเมื่อขอ
1660045,Bisoprolol 2.5mg,E,
1660047,Morphine sulfate 20Mg capkapanol,N,สั่งเมื่อขอ
1660052,Itraconazole 100mg/cap,E,
1660062,"Azithromycin 200mg/5ml ,15ml",E,
1660064,"OralRehydration ,เด็กเล็ก",E,
1660066,Midazolam 5mg/1ml,N,
1660075,"XUBIL ,90ml",E,ตัดออก
1660083,ยาสหัสธารา  500mg,N,
1660094,Fluocinoloneacetonide 0.05%Mouth wash,E,ตัดออก
1660104,ยาหอมเทพจิตร 200mg,N,
1660111,"Cefdinir 125mg/5ml ,30ml",E,
1660116,PseudoephedrineSyrup 30mg/5ml,N,
1660131,พญายอครีม 5g,N,
1660171,ยาบำรุงน้ำนมปลูกไฟธาตุ,N,
1670016,"Sterile Water for injection 10ml ,SWI10",V,
1670021,ยาแก้วห้าดวง,N,สั่งเมื่อขอ
1670023,ยาธรณีสัณฑะฆาต 500mg,N,
1670027,"SodiumChloride 10ml ,Nss10ml",V,ตัดออก
1670029,ยาแคปซูลเลือดงาม,N,สั่งเมื่อขอ
1670031,BudesonidenebuliserPulmicort 2ml/unit,E,
1670042,ยาน้ำอบเชย,N,สั่งเมื่อขอ
1670047,"Sterile Water for injection 500ml ,SWI500ml",V,ตัดออก
1670057,ยาแคปซูลผสมเพชรสังฆาต 500mg,N,
1670062,"PotassiumChlorideElixir 500mg(6.67meq)/5ml ,60ml",E,ตัดออก
1670074,Clozapine 100mg,E,
1670077,Lamotrigine 50mg,E,
1670079,ChlorazepateDipotassium 5mg,E,
1670081,Quetiapine 200mg,E,
1670083,TenofovirAlafenaMide 25mg,E,
1670092,Trazodone 50mg,E,
1670099,Anoro Ellipta 62.5/25mcg,E,
1680002,"Hyoscine butylbromide 5mg/5ml ,30ml",E,
1680004,"Simethicone 40mg/0.6ml ,15ml ,Air-X",E,
1680008,Ondansetron 8mg/4ml,V,
1680011,Nortriptyline 25mg,E,
1680013,Cytisinicline 1.5mg,E,
1680019,Hyoscine 10mg,E,
1680021,LabetalolHydrochloride 5mg/ml,V,
1680027,CharcoalAactivated  5gm,E,
1680032,"PotassiumChlorideElixir 500mg(6.67meq)/5ml ,30ml",E,
1680046,Gelofusine 500ml,V,
1680050,"ChlorhexidineGluconate 0.12g/100ml ,250ml ,C24 ,Mybacin",E,
1680056,Atorvastatin 40mg,E,
1690006,"Progesterone 200mg ,SoftGelatinCapsules",E,
S001,"สติกเกอร์ฉลากยา ขนาด 8.5X6ซม. ,1ลัง/16ม้วน/1000ดวง",N,
S002,ขวดพลาสติก ขนาด 60ซีซี(สีน้ำเงิน-แบบ),N,
S003,ถุงซิบใส ขนาด 9X13ซม.,N,
S004,ถุงซิบใส ขนาด 13X20ซม.,N,
S005,ขวดพลาสติก ขนาด 30ซีซี(สีน้ำเงิน-แบบ),N,
S006,ถุงซิบใส ขนาด 6X8ซม.,N,
S007,ถุงซิบใส ขนาด 10X15ซม.,N,
S008,ถุงซิบใส ขนาด 15X23ซม.,N,
S009,ถุงซิบใส ขนาด 20X30ซม.,N,
S010,ถุงซิบชา ขนาด 6X8ซม.,N,
S011,ถุงซิบชา ขนาด 9X13ซม.,N,
S012,ถุงซิบชา ขนาด 13X20ซม.,N,
S013,ขวดพลาสติก ขนาด 10ซีซี(สีน้ำเงิน-แบบ),N,
S014,"ตลับยา ขนาด 30กรัม ,สีเขียว",N,
S015,"ถุงหูหิ้ว ขนาด 6X14 ,1pack/ครึ่งกิโล",N,
S016,ถุงซิบสีแดง ขนาด 10X15ซม.,N,
S017,"ตลับยา ขนาด 30กรัม ,สีครีม",N,ตัดออก
S018,"ตลับยา ขนาด 30กรัม ,สีฟ้า",N,
S019,"ถุงหูหิ้ว ขนาด 6X18 ,1pack/ครึ่งกิโล",N,
S020,"ตลับยา ขนาด 10กรัม ,สีครีม+สีฟ้า",N,
S021,ถุงซิบใส ขนาด 10X20ซม.,N,
S022,"สติกเกอรHAD ขนาด 1X0.8ซม. ,กระดาษสีส้มสะท้อนแสงพิมพ์1สี(ดำ) ,บรรจุ255ดวง/ใบ",N,
S1460512,LubricantgelKyjell 5gm,N,
